-- MySQL Script generated by MySQL Workbench
-- Sat Dec 17 16:36:04 2022
-- Model: New Model    Version: 1.0
-- MySQL Workbench Forward Engineering

SET @OLD_UNIQUE_CHECKS=@@UNIQUE_CHECKS, UNIQUE_CHECKS=0;
SET @OLD_FOREIGN_KEY_CHECKS=@@FOREIGN_KEY_CHECKS, FOREIGN_KEY_CHECKS=0;
SET @OLD_SQL_MODE=@@SQL_MODE, SQL_MODE='ONLY_FULL_GROUP_BY,STRICT_TRANS_TABLES,NO_ZERO_IN_DATE,NO_ZERO_DATE,ERROR_FOR_DIVISION_BY_ZERO,NO_ENGINE_SUBSTITUTION';

-- -----------------------------------------------------
-- Schema mydb
-- -----------------------------------------------------
DROP SCHEMA IF EXISTS `mydb` ;

-- -----------------------------------------------------
-- Schema mydb
-- -----------------------------------------------------
CREATE SCHEMA IF NOT EXISTS `mydb` DEFAULT CHARACTER SET utf8 ;
USE `mydb` ;

-- -----------------------------------------------------
-- Table `mydb`.`Games`
-- -----------------------------------------------------
DROP TABLE IF EXISTS `mydb`.`Games` ;

CREATE TABLE IF NOT EXISTS `mydb`.`Games` (
  `games_id` INT NOT NULL,
  `game_name` VARCHAR(45) NOT NULL,
  `season` VARCHAR(45) NOT NULL,
  `game_year` INT NOT NULL,
  PRIMARY KEY (`games_id`))
ENGINE = InnoDB;


-- -----------------------------------------------------
-- Table `mydb`.`City`
-- -----------------------------------------------------
DROP TABLE IF EXISTS `mydb`.`City` ;

CREATE TABLE IF NOT EXISTS `mydb`.`City` (
  `city_id` INT NOT NULL,
  `city_name` VARCHAR(45) NOT NULL,
  `population` VARCHAR(50) NOT NULL,
  `budget` VARCHAR(50) NOT NULL,
  PRIMARY KEY (`city_id`))
ENGINE = InnoDB;


-- -----------------------------------------------------
-- Table `mydb`.`Event`
-- -----------------------------------------------------
DROP TABLE IF EXISTS `mydb`.`Event` ;

CREATE TABLE IF NOT EXISTS `mydb`.`Event` (
  `event_id` INT NOT NULL,
  `event_name` VARCHAR(45) NOT NULL,
  PRIMARY KEY (`event_id`))
ENGINE = InnoDB;


-- -----------------------------------------------------
-- Table `mydb`.`Games_has_City`
-- -----------------------------------------------------
DROP TABLE IF EXISTS `mydb`.`Games_has_City` ;

CREATE TABLE IF NOT EXISTS `mydb`.`Games_has_City` (
  `Games_games_id` INT NOT NULL,
  `City_city_id` INT NOT NULL,
  PRIMARY KEY (`Games_games_id`, `City_city_id`))
ENGINE = InnoDB;


-- -----------------------------------------------------
-- Table `mydb`.`Competitor`
-- -----------------------------------------------------
DROP TABLE IF EXISTS `mydb`.`Competitor` ;

CREATE TABLE IF NOT EXISTS `mydb`.`Competitor` (
  `competitor_id` INT NOT NULL,
  `name` VARCHAR(45) NOT NULL,
  `surname` VARCHAR(45) NOT NULL,
  `gender` VARCHAR(45) NOT NULL,
  `height` VARCHAR(50) NOT NULL,
  `country` VARCHAR(45) NOT NULL,
  PRIMARY KEY (`competitor_id`))
ENGINE = InnoDB;


-- -----------------------------------------------------
-- Table `mydb`.`Competitor_has_Games`
-- -----------------------------------------------------
DROP TABLE IF EXISTS `mydb`.`Competitor_has_Games` ;

CREATE TABLE IF NOT EXISTS `mydb`.`Competitor_has_Games` (
  `Competitor_has_Gamesid` INT NOT NULL,
  `Competitor_competitor_id` INT NOT NULL,
  `Games_games_id` INT NOT NULL,
  PRIMARY KEY (`Competitor_has_Gamesid`, `Competitor_competitor_id`, `Games_games_id`))
ENGINE = InnoDB;


-- -----------------------------------------------------
-- Table `mydb`.`Sport`
-- -----------------------------------------------------
DROP TABLE IF EXISTS `mydb`.`Sport` ;

CREATE TABLE IF NOT EXISTS `mydb`.`Sport` (
  `sport_id` INT NOT NULL,
  `sport_name` VARCHAR(45) NOT NULL,
  `Event_event_id` INT NOT NULL,
  PRIMARY KEY (`sport_id`, `Event_event_id`))
ENGINE = InnoDB;


-- -----------------------------------------------------
-- Table `mydb`.`Medal`
-- -----------------------------------------------------
DROP TABLE IF EXISTS `mydb`.`Medal` ;

CREATE TABLE IF NOT EXISTS `mydb`.`Medal` (
  `medal_id` INT NOT NULL,
  `medal_name` VARCHAR(45) NOT NULL,
  PRIMARY KEY (`medal_id`))
ENGINE = InnoDB;


-- -----------------------------------------------------
-- Table `mydb`.`Event_has_Competitor_has_Games`
-- -----------------------------------------------------
DROP TABLE IF EXISTS `mydb`.`Event_has_Competitor_has_Games` ;

CREATE TABLE IF NOT EXISTS `mydb`.`Event_has_Competitor_has_Games` (
  `Event_event_id` INT NOT NULL,
  `Competitor_has_Games_Competitor_has_Gamesid` VARCHAR(45) NOT NULL,
  `Medal_medal_id` INT NOT NULL,
  PRIMARY KEY (`Event_event_id`, `Competitor_has_Games_Competitor_has_Gamesid`, `Medal_medal_id`))
ENGINE = InnoDB;


SET SQL_MODE=@OLD_SQL_MODE;
SET FOREIGN_KEY_CHECKS=@OLD_FOREIGN_KEY_CHECKS;
SET UNIQUE_CHECKS=@OLD_UNIQUE_CHECKS;

INSERT INTO games VALUES (1, 'Vancouver Winter Olympics', 'Winter', 2010);
INSERT INTO games VALUES (2, 'London Summer Olympics', 'Summer', 2012);
INSERT INTO games VALUES (3, 'Tokyo Summer Olympics', 'Summer', 2021);

INSERT INTO city VALUES (1, 'Vancouver', '2,278,000', 'US$1,260,000,000');
INSERT INTO city VALUES (2, 'London', '2,257 million', 'US$10,400,000,000');
INSERT INTO city VALUES (3, 'Tokyo', '14,01 million', 'US$15,400,000,000');

INSERT INTO medal VALUES (1, 'Gold');
INSERT INTO medal VALUES (2, 'Silver');
INSERT INTO medal VALUES (3, 'Bronze');
INSERT INTO medal VALUES (4, 'No Medal');

INSERT INTO event VALUES (1, 'Skiing');
INSERT INTO event VALUES (2, 'Skating');
INSERT INTO event VALUES (3, 'Aquatics');
INSERT INTO event VALUES (4, 'Athletics');
INSERT INTO event VALUES (5, 'Tennis');
INSERT INTO event VALUES (6, 'Sailing');

INSERT INTO sport VALUES (1, 'Alpine Skiing Combined Men', 1); 
INSERT INTO sport VALUES (2, 'Alpine Skiing Combined Women', 1);
INSERT INTO sport VALUES (3, 'Speed Skating 1500m men', 2);
INSERT INTO sport VALUES (4, 'Speed Skating 3000m women', 2);
INSERT INTO sport VALUES (5, 'Men 100 m Freestyle', 3);
INSERT INTO sport VALUES (6, 'Men 100 m Butterfly', 3);
INSERT INTO sport VALUES (7, 'Women Singles', 5);
INSERT INTO sport VALUES (8, 'Women RS:X', 6);
INSERT INTO sport VALUES (9, 'Women RS:X', 4);
INSERT INTO sport VALUES (10, 'Men 200 m', 4);
INSERT INTO sport VALUES (11, 'Women High Jump', 4);
INSERT INTO sport VALUES (12, 'Men Long Jump', 4);

INSERT INTO competitor VALUES (1, 'Ivica', 'Kostelić', 'Male', '1.82 m', 'Croatia');#silver  Alpine Skiing Combined Men vancouver
INSERT INTO competitor VALUES (2, 'Anja', 'Pärson', 'Female', '1.70 m', 'Sweden');#bronze Alpine Skiing Combined Women vancouver
INSERT INTO competitor VALUES (3, 'Shani', 'Davis', 'Male', '1.88 m', 'United States');#silver speed skating 1500 m men vancouver
INSERT INTO competitor VALUES (4, 'Martina', 'Sáblíková', 'Female', '1.71 m', 'Czech'); #gold 3000m women vancouver
INSERT INTO competitor VALUES (5, 'César', 'Cielo', 'Male', '1.95m', 'Brazil');#bronze 100m freestyle london
INSERT INTO competitor VALUES (6, 'Michael', 'Phelps', 'Male', '1.93 m', 'United States'); #gold butterfly london
INSERT INTO competitor VALUES (7, 'Maria', 'Sharapova', 'Female', '1.88 m', 'Russia');#silver women single london 
INSERT INTO competitor VALUES (8, 'Charline', 'Picon', 'Female', '1.69 m', 'France');#silver rsx women tokyo
INSERT INTO competitor VALUES (9, 'Andre', 'De Grasse', 'Male', '1.76 m', 'Canada');#gold 200 metre erkek tokyo
INSERT INTO competitor VALUES (10, 'Yaroslava', 'Mahuchikh', 'Female', '1.81 m', 'Ukraine'); #bronze high jump women tojkyo
INSERT INTO competitor VALUES (11, 'Maykel', 'Massó', 'Male', '1.74 m', 'Cuba');#bronze long jump tokyo

INSERT INTO competitor_has_games VALUES (1, 1, 1);
INSERT INTO competitor_has_games VALUES (2, 2, 1);
INSERT INTO competitor_has_games VALUES (3, 3, 1);
INSERT INTO competitor_has_games VALUES (4, 4, 1);
INSERT INTO competitor_has_games VALUES (5, 5, 2);
INSERT INTO competitor_has_games VALUES (6, 6, 2);
INSERT INTO competitor_has_games VALUES (7, 7, 2);
INSERT INTO competitor_has_games VALUES (8, 8, 3);
INSERT INTO competitor_has_games VALUES (9, 9, 3);
INSERT INTO competitor_has_games VALUES (10, 10, 3);
INSERT INTO competitor_has_games VALUES (11, 11, 3);

INSERT INTO games_has_city VALUES (1, 1);
INSERT INTO games_has_city VALUES (2, 2);
INSERT INTO games_has_city VALUES (3, 3);

INSERT INTO event_has_competitor_has_games VALUES (1, 1, 2);
INSERT INTO event_has_competitor_has_games VALUES (1, 2, 3);
INSERT INTO event_has_competitor_has_games VALUES (2, 3, 2);
INSERT INTO event_has_competitor_has_games VALUES (2, 4, 1);
INSERT INTO event_has_competitor_has_games VALUES (3, 5, 3);
INSERT INTO event_has_competitor_has_games VALUES (3, 6, 1);
INSERT INTO event_has_competitor_has_games VALUES (5, 7, 2);
INSERT INTO event_has_competitor_has_games VALUES (6, 8, 2);
INSERT INTO event_has_competitor_has_games VALUES (4, 9, 1);
INSERT INTO event_has_competitor_has_games VALUES (4, 10, 3);
INSERT INTO event_has_competitor_has_games VALUES (4, 11, 3);
